time_s,pH
0.0,6.9216
1.54,7.3153
3.06,7.0756
4.77,7.457
6.47,6.6801
8.01,6.6591
9.62,6.5244
11.18,6.5034
12.8,6.4019
14.3,6.3389
15.76,6.4054
17.28,6.2865
18.83,6.3757
20.6,6.3897
21.91,6.5787
23.44,6.3687
24.91,6.3879
26.45,6.3197
27.93,6.3459
29.59,6.2672
30.94,6.3617
32.46,6.4894
33.9,6.4947
35.36,6.3862
36.79,6.4194
38.25,6.4702
39.68,6.4894
41.06,6.4369
42.56,6.5454
44.07,6.6416
45.57,6.6871
47.05,6.9478
48.26,7.1473
49.96,7.2645
51.47,7.352
52.94,7.4535
54.42,7.5497
55.89,7.562
57.32,7.5532
58.79,7.5445
60.26,7.541
62.26,7.5252
64.32,7.5252
66.38,7.5165
67.14,7.5147
68.4,7.513
70.47,7.5182
72.5,7.513
74.55,7.5182
76.62,7.5182
78.68,7.5182
79.46,7.52
80.47,7.5182
81.47,7.5252
83.71,7.52
84.51,7.5235
85.51,7.5235
87.76,7.5287
88.53,7.5287
89.53,7.5287
90.55,7.5287
91.55,7.527
92.55,7.5322
93.56,7.5322
94.56,7.5357
96.83,7.534
98.86,7.534
100.86,7.5375
102.89,7.541
103.65,7.5445
104.65,7.548
106.9,7.5463
108.93,7.5515
110.96,7.5515
111.98,7.555
113.98,7.5533
116.05,7.5533
116.81,7.5568
117.84,7.555
118.84,7.5568
121.06,7.5585
121.82,7.5585
122.82,7.5603
123.82,7.5586
126.08,7.5656
126.87,7.5621
127.88,7.5673
128.88,7.5656
129.88,7.5656
132.09,7.5656
134.13,7.5674
136.18,7.5709
136.94,7.5691
137.94,7.5709
140.17,7.5691
140.98,7.5744
141.98,7.5691
142.98,7.5691
145.24,7.5726
147.31,7.5779
148.11,7.5761
149.11,7.5761
150.11,7.5779
152.32,7.5814
154.39,7.5762
156.46,7.5814
157.2,7.5797
158.5,7.5797
160.53,7.5832
162.55,7.5814
163.34,7.5849
164.34,7.5849
165.34,7.5832
166.34,7.5884
167.36,7.5849
168.35,7.5849
170.61,7.5885
172.67,7.592
174.73,7.5885
175.51,7.5885
176.51,7.5938
178.79,7.5938
180.8,7.5955
181.56,7.5973
183.82,7.5955
184.58,7.5973
185.58,7.592
186.58,7.5973
188.85,7.5955
189.62,7.599
190.62,7.5955
192.86,7.6008
194.91,7.5955
196.94,7.6008
197.71,7.599
198.71,7.5991
200.92,7.6008
202.94,7.6043
203.7,7.6043
204.7,7.6043
206.94,7.6043
208.98,7.6043
210.97,7.6079
213.0,7.6096
215.01,7.6043
215.78,7.6079
216.78,7.6096
219.02,7.6096
219.81,7.6079
220.81,7.6079
223.03,7.6079
225.04,7.6079
225.82,7.6096
226.82,7.6096
229.05,7.6079
231.06,7.6114
233.06,7.6079
235.08,7.6132
237.05,7.6114
237.83,7.6114
240.06,7.615
242.1,7.6114
242.92,7.6132
243.91,7.615
246.15,7.6167
248.19,7.615
248.98,7.615
249.99,7.6167
252.21,7.6167
254.25,7.6202
255.05,7.6167
256.05,7.615
258.28,7.6185
260.31,7.6167
261.09,7.6185
262.08,7.622
264.34,7.622
266.4,7.6202
267.14,7.6202
268.22,7.6202
270.47,7.6238
272.53,7.6238
274.61,7.6255
275.33,7.622
276.66,7.622
278.71,7.6238
280.77,7.6238
282.83,7.6256
283.6,7.6238
284.6,7.6238
286.84,7.6256
287.61,7.6273
288.61,7.6273
290.86,7.6238
292.9,7.6273
293.69,7.6273
294.69,7.6273
296.96,7.6273
298.99,7.6309
299.76,7.6326
300.76,7.6309
303.01,7.6309
303.79,7.6273
304.79,7.6273
307.0,7.6326
309.03,7.6291
309.83,7.6273
310.83,7.6274
313.04,7.6309
315.07,7.6309
317.16,7.6344
317.88,7.6309
319.23,7.6327
321.28,7.6327
323.36,7.6327
325.43,7.6362
326.23,7.6327
327.24,7.6362
329.5,7.6362
330.24,7.6362
331.56,7.6362
332.37,7.6327
333.37,7.6362
335.63,7.6362
336.38,7.6362
337.68,7.6415
338.43,7.6415
339.75,7.6415
341.8,7.6415
343.84,7.6397
345.9,7.6397
347.94,7.645
348.69,7.6415
349.72,7.6415
350.72,7.6415
352.97,7.6433
353.73,7.6433
354.73,7.645
355.73,7.6433
358.01,7.6415
360.04,7.645
362.08,7.6415
362.83,7.645
363.82,7.6433
364.82,7.645
367.15,7.6433
367.97,7.6433
368.97,7.6433
371.23,7.6433
373.27,7.645
374.06,7.6433
375.07,7.6468
377.33,7.6468
378.09,7.6468
379.4,7.6468
381.44,7.6433
382.24,7.6433
383.24,7.6468
385.49,7.6468
387.54,7.6485
388.3,7.6485
389.6,7.6468
391.65,7.6521
393.74,7.6468
395.79,7.6468
396.55,7.6521
397.82,7.6468
398.59,7.6486
399.59,7.6486
401.82,7.6521
403.82,7.6503
404.6,7.6468
405.6,7.6486
407.86,7.6521
408.63,7.6504
409.63,7.6521
410.64,7.6468
412.88,7.6504
413.63,7.6539
414.89,7.6522
415.65,7.6539
417.92,7.6522
418.69,7.6539
419.7,7.6539
420.7,7.6522
422.95,7.6522
424.99,7.6522
427.0,7.6522
429.03,7.6522
431.02,7.6522
431.8,7.6522
434.07,7.6522
434.82,7.6522
435.82,7.6539
438.08,7.6522
438.83,7.6539
439.83,7.6574
442.09,7.6574
444.15,7.6557
446.23,7.6539
448.3,7.6522
450.35,7.6522
451.17,7.6522
452.17,7.6574
454.43,7.6575
455.15,7.6557
456.5,7.6557
457.24,7.6557
458.56,7.661
460.62,7.6557
462.65,7.6592
463.46,7.6557
464.46,7.6557
466.74,7.6557
467.46,7.6557
468.81,7.6575
469.6,7.6575
470.62,7.6558
471.61,7.6611
473.85,7.6611
475.9,7.6611
476.67,7.6611
477.66,7.6611
479.91,7.6611
480.68,7.6611
481.68,7.6611
483.94,7.6611
486.0,7.6611
486.75,7.6611
487.75,7.6646
489.98,7.6593
490.78,7.6593
491.78,7.6628
494.03,7.6646
496.06,7.6611
498.15,7.6611
500.23,7.6593
502.3,7.6593
503.09,7.6628
504.1,7.6593
506.36,7.6593
508.41,7.6628
509.22,7.6593
510.23,7.6646
511.22,7.6611
513.46,7.6628
514.25,7.6593
515.25,7.6628
517.55,7.6628
519.63,7.6681
520.37,7.6628
521.44,7.6628
523.67,7.6646
525.73,7.6663
527.75,7.6663
528.55,7.6646
529.55,7.6628
531.79,7.6681
533.79,7.6628
535.79,7.6628
537.81,7.6681
538.55,7.6681
540.82,7.6628
541.59,7.6646
543.86,7.6699
545.88,7.6699
547.93,7.6682
549.95,7.6717
551.94,7.6717
553.97,7.6717
556.01,7.6682
556.75,7.6682
557.75,7.6682
559.98,7.6717
560.75,7.6717
563.0,7.6735
565.02,7.6682
565.79,7.6735
566.79,7.6718
569.04,7.6735
569.82,7.6718
571.08,7.6718
571.87,7.6682
572.87,7.6718
575.1,7.6718
575.83,7.6735
577.18,7.6735
579.27,7.677
581.3,7.6718
582.1,7.6735
583.09,7.6735
585.35,7.6718
587.38,7.6735
588.16,7.677
589.16,7.6718
591.42,7.677
592.22,7.6718
593.21,7.6718
595.46,7.6718
597.52,7.677
598.33,7.6753
599.33,7.6718
601.56,7.677
603.64,7.6718
604.36,7.6753
605.43,7.6753
607.67,7.6753
609.71,7.6753
611.74,7.6753
613.77,7.6806
615.8,7.677
616.56,7.6788
617.83,7.6806
618.61,7.677
619.6,7.6806
621.83,7.6753
623.86,7.6753
624.62,7.6788
625.61,7.6753
627.85,7.6753
628.61,7.6753
629.61,7.6753
631.87,7.6806
633.88,7.6788
634.64,7.6753
635.64,7.6788
637.88,7.6753
638.63,7.6788
639.63,7.6788
641.9,7.6806
642.66,7.6788
643.67,7.6806
644.67,7.6806
646.92,7.6788
648.93,7.6788
649.7,7.6806
650.7,7.6788
651.71,7.6841
653.94,7.6806
655.96,7.6841
656.71,7.6841
657.73,7.6806
658.73,7.6788
660.94,7.6841
662.95,7.6788
663.72,7.6841
665.98,7.6788
666.75,7.6788
668.0,7.6823
668.78,7.6823
669.78,7.6841
672.03,7.6841
674.07,7.6841
674.83,7.6841
675.83,7.6841
678.08,7.6841
680.11,7.6841
682.13,7.6877
684.2,7.6841
686.25,7.6824
688.25,7.6859
690.29,7.6859
691.05,7.6824
692.34,7.6824
694.38,7.6824
696.48,7.6877
698.52,7.6859
699.31,7.6877
700.32,7.6859
702.54,7.6859
704.6,7.6842
705.38,7.6877
706.38,7.6842
708.63,7.6877
710.64,7.6877
712.65,7.6877
714.68,7.6877
716.77,7.6877
717.48,7.693
718.82,7.6877
720.83,7.6877
721.6,7.6877
722.6,7.693
724.84,7.6877
726.87,7.6913
728.88,7.6913
730.9,7.6913
732.94,7.693
734.96,7.693
736.95,7.6913
738.97,7.6913
740.95,7.6913
741.74,7.6913
742.73,7.6913
744.96,7.6913
746.96,7.6913
747.74,7.6895
748.74,7.6913
750.98,7.693
753.01,7.6877
755.03,7.6895
757.06,7.693
759.07,7.693
761.07,7.693
763.1,7.693
765.16,7.6913
765.88,7.6913
767.19,7.693
769.25,7.6913
771.3,7.6913
772.1,7.6913
773.1,7.6913
775.35,7.6913
777.43,7.693
778.15,7.693
779.46,7.693
781.5,7.6913
783.57,7.693
785.62,7.6913
786.42,7.6913
787.42,7.6913
789.66,7.6913
790.4,7.693
791.74,7.6913
792.49,7.693
793.8,7.693
795.86,7.693
797.9,7.6913
798.67,7.6913
799.67,7.6913
801.92,7.6966
803.95,7.6966
805.97,7.6913
806.72,7.6913
807.72,7.6948
809.95,7.6948
811.96,7.6948
812.72,7.6966
814.95,7.6966
815.72,7.6948
816.73,7.6966
817.73,7.6966
819.97,7.6966
820.75,7.6966
821.76,7.6948
824.04,7.6966
824.74,7.6913
826.07,7.693
828.1,7.6913
830.15,7.6913
832.22,7.6913
833.01,7.6913
834.01,7.6948
836.25,7.6948
838.28,7.6948
840.34,7.6966
841.11,7.6913
842.39,7.6948
843.18,7.6948
844.21,7.6948
846.46,7.6983
848.5,7.6948
849.3,7.6948
850.3,7.6948
852.55,7.6948
853.35,7.6966
854.35,7.6948
856.63,7.6948
857.36,7.7001
858.69,7.6948
859.48,7.6948
860.48,7.7001
862.71,7.6948
864.76,7.6966
865.57,7.6948
866.57,7.6948
868.85,7.6966
870.88,7.6948
872.91,7.6948
874.93,7.6983
876.98,7.6948
879.06,7.6983
879.77,7.6983
881.08,7.7001
883.1,7.7001
883.83,7.7001
885.18,7.7001
887.23,7.6983
888.01,7.6983
889.01,7.6983
891.28,7.6983
893.35,7.6983
895.42,7.7001
897.49,7.7001
898.25,7.7036
899.54,7.7001
900.33,7.6983
901.59,7.6983
902.39,7.6983
903.39,7.7001
905.64,7.7018
907.7,7.6983
908.47,7.7001
909.47,7.7036
910.47,7.6983
912.72,7.6983
913.49,7.6983
914.49,7.7036
916.79,7.7036
917.57,7.7036
918.57,7.7036
920.81,7.7001
922.82,7.6983
924.85,7.7001
926.9,7.6983
928.92,7.6983
929.68,7.6983
930.68,7.7019
932.93,7.7019
934.94,7.6984
936.97,7.7037
938.97,7.7037
939.73,7.7037
940.73,7.7037
943.0,7.7037
945.05,7.7019
945.82,7.7019
947.1,7.7072
947.82,7.7037
949.17,7.7002
951.22,7.7019
952.02,7.7037
953.32,7.7037
955.4,7.7037
956.12,7.7072
957.48,7.7072
958.22,7.7019
959.28,7.7073
961.52,7.702
963.55,7.7037
964.34,7.702
965.34,7.7037
967.63,7.702
969.68,7.702
971.72,7.7037
973.79,7.7055
975.82,7.7055
976.59,7.7055
977.6,7.7073
978.6,7.702
980.82,7.702
982.87,7.7055
984.91,7.7073
985.67,7.7073
986.67,7.7055
988.93,7.7055
990.98,7.7055
991.76,7.7073
992.77,7.7055
993.77,7.7055
996.01,7.7073
998.05,7.7108
1000.15,7.7108
1002.2,7.7073
1004.27,7.709
1005.05,7.7108
1006.34,7.7073
1008.44,7.7108
1009.17,7.7108
1010.49,7.7108
1012.53,7.7055
1013.32,7.7108
1014.32,7.709
1016.62,7.709
1017.34,7.709
1018.71,7.7108
1020.76,7.7108
1022.8,7.7108
1023.56,7.7108
1024.56,7.7108
1026.82,7.7143
1028.88,7.7108
1030.9,7.709
1031.64,7.7143
1033.93,7.7126
1035.95,7.7126
1037.95,7.709
1039.94,7.7126
1040.72,7.7126
1041.72,7.709
1043.98,7.709
1044.76,7.7143
1045.76,7.709
1048.02,7.7126
1050.0,7.7126
1050.79,7.7126
1051.78,7.7126
1054.04,7.7143
1056.06,7.7143
1056.81,7.709
1057.81,7.7126
1060.08,7.7161
1060.85,7.7126
1061.84,7.7161
1064.1,7.7126
1064.81,7.7126
1066.12,7.7126
1066.93,7.7161
1067.93,7.7126
1070.21,7.7161
1070.94,7.7126
1072.25,7.7179
1074.29,7.7161
1076.33,7.7161
1077.11,7.7179
1078.11,7.7179
1080.36,7.7161
1082.41,7.7161
1084.5,7.7179
1086.56,7.7161
1088.63,7.7179
1090.7,7.7161
1091.44,7.7179
1092.76,7.7179
1093.57,7.7196
1094.57,7.7161
1096.83,7.7161
1098.86,7.7214
1099.64,7.7161
1100.64,7.7161
1102.9,7.7179
1104.92,7.7161
1105.67,7.7161
1106.68,7.7214
1108.93,7.7196
1110.92,7.7196
1112.97,7.7196
1113.71,7.7196
1114.71,7.7214
1116.95,7.7214
1117.73,7.7214
1119.96,7.7214
1121.98,7.7214
1124.01,7.7196
1126.04,7.7196
1128.05,7.7196
1128.83,7.7196
1129.83,7.7231
1132.08,7.7249
1132.83,7.7249
1134.16,7.7249
1136.22,7.7249
1138.27,7.7249
1140.5,7.7231
1142.36,7.7249
1143.12,7.7231
1144.46,7.7231
1146.57,7.7231
1148.66,7.7249
1149.4,7.7231
1150.76,7.7231
1151.58,7.7231
1152.58,7.7249
1154.84,7.7267
1155.59,7.7231
1156.98,7.7284
1159.02,7.7231
1161.02,7.7231
1163.03,7.7249
1163.79,7.7284
1164.79,7.7284
1167.08,7.7284
1169.17,7.7267
1169.92,7.7267
1171.28,7.7267
1173.39,7.7284
1174.13,7.7231
1175.51,7.7284
1176.32,7.7267
1177.32,7.7231
1179.54,7.7249
1181.58,7.7267
1183.61,7.7267
1185.65,7.7267
1186.42,7.7284
1187.43,7.7302
1189.7,7.7267
1191.74,7.732
1192.54,7.732
1193.82,7.7267
1194.59,7.7267
1195.59,7.732
1197.84,7.7267
1198.57,7.7267
1199.93,7.732
1201.95,7.7302
1202.71,7.7302
1204.0,7.7302
1204.75,7.7267
1206.28,7.7249
1208.07,7.7231
1210.1,7.7231
1212.2,7.7196
1214.27,7.7179
1216.32,7.7161
1217.07,7.7161
1218.49,7.7179
1219.25,7.7161
1220.6,7.7126
1221.35,7.7126
1222.42,7.709
1223.79,7.7143
1225.83,7.709
1227.86,7.709
1228.63,7.709
1229.63,7.7055
1231.86,7.7055
1232.62,7.709
1234.85,7.7143
1236.88,7.709
1237.63,7.7161
1238.62,7.7214
1240.85,7.7214
1241.64,7.7214
1242.64,7.7196
1244.88,7.7214
1246.9,7.7249
1248.93,7.7231
1250.91,7.7231
1251.68,7.7249
1253.94,7.7231
1254.69,7.7284
1255.7,7.7267
1256.7,7.7267
1258.95,7.7284
1259.7,7.7284
1260.7,7.7284
1262.92,7.7267
1263.7,7.7267
1264.7,7.7267
1266.99,7.7267
1267.75,7.7267
1269.03,7.7302
1269.79,7.7267
1270.79,7.7249
1273.02,7.7267
1273.79,7.7284
1274.79,7.7302
1277.04,7.7267
1277.79,7.7267
1278.8,7.7267
1279.8,7.7302
1282.03,7.7267
1284.05,7.7267
1286.07,7.7302
1288.08,7.7284
1290.11,7.7267
1290.93,7.7302
1291.93,7.7302
1294.2,7.7302
1296.28,7.7302
1298.31,7.7267
1300.34,7.7302
1302.41,7.7302
1304.45,7.7302
1306.5,7.732
1308.55,7.7267
1310.58,7.732
1312.59,7.7267
1314.64,7.732
1316.72,7.7284
1317.44,7.732
1318.8,7.732
1320.82,7.7284
1322.87,7.732
1323.63,7.732
1324.63,7.732
1326.9,7.732
1328.94,7.7302
1329.7,7.7267
1330.7,7.732
1332.96,7.732
1334.97,7.732
1336.98,7.7267
1338.98,7.7231
1341.07,7.7267
1342.07,7.7196
1344.03,7.7231
1344.8,7.7231
1345.8,7.7161
1348.06,7.7214
1348.81,7.7214
1349.82,7.7214
1350.82,7.7161
1353.19,7.7143
1355.24,7.7126
1357.32,7.709
1359.38,7.7143
1360.16,7.709
1361.16,7.7108
1363.42,7.709
1365.5,7.7108
1366.23,7.7108
1367.58,7.7126
1369.63,7.7214
1371.69,7.7196
1373.78,7.7214
1374.56,7.7196
1375.56,7.7196
1377.82,7.7249
1378.61,7.7214
1379.61,7.7249
1381.83,7.7214
1383.86,7.6984
1385.9,7.6843
1386.65,7.6702
1387.65,7.6402
1390.06,7.5855
1392.07,7.5696
1392.87,7.5519
1393.9,7.529
1394.9,7.5007
1397.13,7.4831
1399.19,7.4672
1401.27,7.4566
1403.33,7.4566
1404.06,7.446
1405.39,7.4372
1407.44,7.4354
1409.52,7.4354
1410.23,7.4266
1411.55,7.4266
1412.34,7.4266
1413.34,7.4196
1415.58,7.4196
1416.38,7.4213
1417.39,7.4213
1418.39,7.4161
1420.62,7.4178
1422.67,7.4125
1423.45,7.4143
1424.45,7.4125
1426.71,7.4125
1428.76,7.4126
1430.77,7.409
1431.56,7.4091
1432.56,7.4091
1434.84,7.4073
1436.83,7.4091
1437.59,7.4091
1439.87,7.4091
1440.64,7.4038
1441.64,7.4038
1443.89,7.4091
1444.65,7.4073
1446.92,7.4038
1448.92,7.4038
1450.92,7.4038
1452.9,7.4091
1453.69,7.4073
1454.69,7.4038
1456.93,7.4021
1458.96,7.4021
1460.94,7.4074
1461.72,7.4074
1463.97,7.4021
1464.72,7.4021
1465.98,7.4021
1466.76,7.4056
1467.76,7.4056
1469.99,7.4021
1472.01,7.4038
1474.04,7.4056
1474.8,7.4056
1475.8,7.4021
1478.06,7.4056
1480.1,7.4074
1480.9,7.4056
1481.9,7.4056
1484.14,7.4056
1486.18,7.425
1488.21,7.4602
1490.24,7.4673
1492.28,7.4708
1493.07,7.4708
1494.36,7.4708
1495.12,7.4708
1496.42,7.469
1498.49,7.4655
1500.52,7.4673
1501.33,7.4708
1502.34,7.4725
1504.55,7.4761
1505.35,7.4796
1506.35,7.4972
1508.6,7.5078
1510.62,7.5131
1511.39,7.5148
1512.39,7.5201
1514.64,7.5201
1516.69,7.499
1518.75,7.4954
1519.56,7.4919
1520.56,7.4726
1522.77,7.462
1524.82,7.462
1525.58,7.4585
1526.58,7.4602
1528.82,7.4602
1529.58,7.4602
1530.58,7.4602
1531.58,7.4602
1533.85,7.4602
1536.02,7.4602
1538.03,7.4602
1538.8,7.4585
1540.16,7.4585
1542.28,7.462
1544.38,7.462
1545.16,7.4655
1546.46,7.462
1548.56,7.4567
1550.64,7.4585
1551.4,7.4603
1552.7,7.4567
1553.54,7.4585
1554.81,7.4585
1555.61,7.4585
1556.61,7.4585
1558.87,7.4567
1559.63,7.4567
1560.63,7.4567
1562.95,7.4567
1563.71,7.4585
1565.01,7.4567
1565.8,7.4567
1566.79,7.4567
1569.05,7.4585
1571.09,7.4585
1571.87,7.4585
1572.87,7.4567
1575.08,7.4567
1577.14,7.4567
1579.19,7.4585
1579.93,7.4532
1581.22,7.4532
1583.27,7.4532
1585.3,7.4567
1587.32,7.455
1589.36,7.4585
1591.39,7.4585
1592.21,7.4532
1593.21,7.4532
1595.48,7.4532
1597.52,7.4585
1599.57,7.4585
1601.59,7.455
1602.38,7.4585
1603.39,7.4567
1605.64,7.4585
1607.69,7.4532
1608.49,7.4585
1609.49,7.4585
1610.88,7.462
1612.86,7.4691
1614.91,7.4691
1615.67,7.4726
1616.95,7.4726
1617.73,7.4708
1618.73,7.4796
1620.96,7.4779
1622.99,7.4831
1623.74,7.4779
1625.0,7.4796
1625.77,7.4761
1626.77,7.4708
1629.01,7.4761
1629.76,7.4673
1630.77,7.4673
1631.77,7.4691
1634.01,7.462
1636.04,7.462
1638.07,7.4567
1638.84,7.4567
1639.84,7.462
1642.06,7.4585
1642.83,7.4585
1645.1,7.4585
1647.14,7.4568
1647.92,7.455
1648.92,7.4568
1651.16,7.4568
1651.94,7.455
1652.94,7.4603
1655.21,7.4603
1655.93,7.455
1657.29,7.4585
1659.34,7.4585
1661.37,7.4638
1663.4,7.4656
1664.2,7.4638
1665.2,7.4638
1667.48,7.4673
1668.28,7.4691
1669.29,7.4656
1671.51,7.4708
1673.56,7.4708
1675.64,7.4656
1677.68,7.4673
1679.72,7.4656
1681.76,7.462
1682.55,7.462
1683.55,7.462
1685.79,7.4673
1686.55,7.4638
1687.55,7.4585
1689.81,7.4585
1690.6,7.4585
1691.6,7.462
1693.84,7.4585
1695.89,7.4585
1697.91,7.4585
1699.93,7.4603
1701.93,7.4585
1702.72,7.4603
1703.72,7.462
1705.95,7.4603
1707.98,7.462
1708.74,7.4638
1709.73,7.462
1711.95,7.4673
1714.0,7.4656
1716.01,7.4656
1718.07,7.4656
1720.14,7.4673
1720.91,7.4656
1722.19,7.4673
1724.26,7.4638
1725.0,7.4656
1726.35,7.4673
1728.43,7.4656
1729.15,7.4621
1730.45,7.4621
1732.47,7.4638
1733.27,7.4621
1734.27,7.4621
1736.54,7.4621
1737.26,7.4568
1738.33,7.4621
1739.33,7.4621
1740.34,7.4621
1741.34,7.4621
1742.59,7.4603
1743.4,7.4621
1744.4,7.4603
1745.4,7.4603
1746.4,7.4603
1748.68,7.4603
1750.73,7.4621
1752.76,7.4586
1754.85,7.4621
1755.61,7.4603
1756.61,7.4603
1758.87,7.4603
1760.87,7.4656
1762.88,7.4603
1763.63,7.4603
1764.63,7.4603
1765.66,7.4603
1766.66,7.4603
1767.66,7.4603
1768.67,7.4603
1769.67,7.4603
1771.93,7.4603
1773.96,7.4638
1776.02,7.4603
1778.05,7.4621
1780.1,7.4568
1782.15,7.4621
1784.22,7.4568
1784.99,7.4603
1785.99,7.4621
1788.27,7.4603
1789.06,7.4603
1790.06,7.4586
1791.07,7.4621
1792.07,7.4621
1794.35,7.4568
1796.43,7.4603
1798.49,7.4568
1800.53,7.4568
1802.55,7.4603
1803.34,7.4568
1804.34,7.4621
1806.62,7.4586
1808.67,7.4621
1809.46,7.4621
1810.45,7.4621
1812.68,7.4603
1814.73,7.4603
1815.45,7.4603
1816.83,7.4568
1818.89,7.4603
1819.67,7.4603
1820.67,7.4621
1822.91,7.4586
1823.68,7.4586
1824.68,7.4533
1826.94,7.4463
1827.69,7.4375
1828.69,7.4322
1829.69,7.4181
1831.93,7.4164
1833.91,7.4041
1835.95,7.3953
1837.98,7.39
1838.72,7.3953
1839.74,7.3865
1840.75,7.3918
1841.75,7.3847
1844.0,7.3795
1844.77,7.3795
1845.76,7.3847
1848.02,7.3812
1850.05,7.3795
1852.06,7.3795
1852.82,7.376
1853.82,7.376
1856.06,7.376
1858.07,7.3778
1860.06,7.376
1862.06,7.3725
1864.1,7.3725
1864.86,7.3743
1866.18,7.369
1866.89,7.369
1868.23,7.3655
1870.28,7.3708
1871.1,7.3708
1872.1,7.3655
1874.34,7.3655
1875.07,7.3655
1876.41,7.3673
1878.45,7.3637
1880.51,7.362
1882.55,7.3585
1883.36,7.3637
1884.36,7.3585
1886.61,7.3585
1887.34,7.3585
1888.4,7.3602
1890.64,7.3585
1891.44,7.3585
1892.44,7.3585
1894.7,7.3585
1895.43,7.3602
1896.78,7.3602
1898.8,7.355
1900.83,7.355
1902.88,7.3585
1904.88,7.3585
1905.65,7.355
1907.9,7.355
1909.9,7.355
1911.87,7.3567
1912.66,7.3567
1913.66,7.355
1915.94,7.355
1916.72,7.355
1917.72,7.3567
1919.98,7.355
1920.75,7.355
1921.75,7.3585
1922.75,7.3585
1924.99,7.3585
1925.74,7.3585
1928.0,7.3585
1929.99,7.3585
1930.77,7.3585
1931.77,7.3568
1934.02,7.3585
1936.03,7.3585
1936.79,7.3568
1937.79,7.3568
1940.06,7.3585
1942.1,7.362
1942.84,7.362
1944.17,7.3603
1946.26,7.3673
1948.3,7.3743
1950.38,7.3796
1952.43,7.3831
1954.48,7.3831
1955.23,7.3831
1956.58,7.3778
1958.65,7.3796
1960.66,7.3796
1962.7,7.3708
1964.75,7.3708
1966.81,7.3726
1967.6,7.3673
1968.6,7.3638
1970.81,7.3603
1971.59,7.3603
1972.59,7.3603
1974.88,7.3603
1975.88,7.3621
1977.84,7.3621
1978.6,7.3568
1980.85,7.3621
1981.61,7.3621
1982.89,7.3621
1983.68,7.3603
1984.68,7.3604
1986.9,7.3586
1988.93,7.3586
1989.67,7.3586
1990.68,7.3551
1991.69,7.3551
1992.7,7.3534
1993.7,7.3534
1995.99,7.3499
1996.76,7.3446
1997.76,7.3464
2000.02,7.3446
2000.79,7.3464
2001.79,7.3499
2004.07,7.3446
2004.84,7.3464
2005.84,7.3411
2008.09,7.3411
2010.14,7.3464
2012.17,7.3411
2014.23,7.3428
2014.95,7.3464
2016.34,7.3464
2017.06,7.3446
2018.41,7.3464
2020.47,7.3428
2022.52,7.3464
2024.59,7.3411
2026.66,7.3411
2028.71,7.3446
2030.75,7.3464
2031.55,7.3464
2032.55,7.3446
2034.81,7.3464
2036.86,7.3464
2038.86,7.3446
2040.88,7.3446
2041.65,7.3446
2042.65,7.3446
2043.65,7.3499
2045.9,7.3464
2047.93,7.3446
2048.7,7.3446
2049.7,7.3446
2051.14,7.3499
2053.18,7.3534
2055.24,7.3481
2057.33,7.3534
2059.41,7.3586
2061.44,7.3569
2063.47,7.3604
2065.52,7.3586
2067.59,7.3604
2068.39,7.3586
2069.4,7.3586
2071.62,7.3569
2073.69,7.3569
2075.76,7.3551
2076.49,7.3516
2077.81,7.3569
2079.82,7.3534
2081.85,7.3534
2083.84,7.3516
2084.62,7.3499
2086.87,7.3481
2087.64,7.3516
2088.64,7.3516
2089.64,7.3499
2091.89,7.3499
2092.66,7.3481
2093.67,7.3499
2094.67,7.3534
2096.95,7.3516
2099.0,7.3499
2099.78,7.3481
2100.78,7.3516
2103.02,7.3481
2105.05,7.3534
2107.07,7.3534
2109.08,7.3516
2111.05,7.3534
2113.11,7.3552
2115.17,7.3552
2115.91,7.3552
2117.25,7.3552
2119.33,7.3552
2121.37,7.3552
2123.42,7.3552
2124.23,7.3587
2125.24,7.3569
2127.47,7.3552
2129.54,7.3569
2130.28,7.3517
2131.61,7.3552
2133.68,7.3517
2135.72,7.3517
2137.79,7.357
2139.8,7.357
2141.81,7.3535
2143.85,7.3517
2145.88,7.3535
2147.94,7.3517
2148.71,7.357
2149.71,7.357
2151.94,7.3605
2153.94,7.3552
2154.7,7.357
2155.7,7.3552
2157.96,7.3552
2159.96,7.3605
2160.72,7.357
2161.72,7.3552
2163.97,7.3587
2164.72,7.3605
2165.99,7.3587
2166.79,7.3587
2167.79,7.3605
2170.01,7.3605
2172.03,7.3587
2172.78,7.3605
2175.03,7.3605
2175.8,7.3587
2176.8,7.3552
2179.11,7.3552
2181.12,7.3605
2183.17,7.357
2185.21,7.357
2185.98,7.3605
2186.98,7.357
2189.26,7.3605
2191.29,7.3587
2193.37,7.3552
2195.45,7.3552
2196.19,7.3587
2197.53,7.3605
2199.61,7.3587
2200.34,7.3552
2201.66,7.357
2202.45,7.3552
2203.45,7.3605
2205.72,7.3587
2207.79,7.3605
2209.81,7.3587
2210.59,7.3605
2211.59,7.3605
2213.83,7.3605
2215.88,7.3605
2216.61,7.3552
2217.96,7.3587
2220.0,7.3587
2220.78,7.357
2221.78,7.3587
2224.0,7.3587
2226.05,7.3587
2226.8,7.3622
2227.8,7.3605
2230.04,7.3605
2230.82,7.3587
2231.82,7.3587
2234.08,7.3587
2234.84,7.3587
2235.85,7.3587
2236.85,7.3605
2239.11,7.3605
2239.86,7.3605
2241.19,7.3622
2241.98,7.3587
2242.99,7.3605
2243.98,7.3587
2246.26,7.3587
2248.32,7.364
2250.38,7.3587
2252.43,7.3587
2253.22,7.3622
2254.22,7.3605
2256.52,7.3605
2257.29,7.364
2258.29,7.3587
2260.55,7.364
2262.57,7.3587
2264.61,7.3552
2265.41,7.3464
2266.42,6.7065
2268.67,5.5634
2270.74,5.3478
2271.54,5.2741
2272.54,5.2022
2274.77,5.197
2276.83,5.1952
2277.62,5.197
2278.62,5.1956
2280.83,5.1956
2282.86,5.1974
2283.62,5.1991
2284.61,5.1974
2286.88,5.1974
2287.66,5.1974
2288.66,5.1959
2290.9,5.1959
2291.67,5.2011
2292.68,5.1959
2294.93,5.2011
2295.71,5.1959
2296.71,5.1994
2298.96,5.1976
2300.96,5.1959
2303.0,5.1941
2303.78,5.1941
2304.78,5.1941
2307.03,5.1853
2309.05,5.1853
2309.79,5.1853
2310.79,5.1871
2313.07,5.1871
2313.81,5.1818
2315.36,5.1818
2317.15,5.1836
2318.15,5.1836
2320.18,5.1801
2322.26,5.1801
2324.34,5.1801
2326.39,5.1781
2328.52,5.1798
2329.32,5.1781
2330.33,5.1763
2331.33,5.1746
2333.62,5.1781
2334.91,5.1763
2336.7,5.1711
2337.45,5.1746
2338.53,5.1746
2340.75,5.1763
2342.82,5.1759
2343.62,5.1724
2344.62,5.1759
2346.88,5.1759
2348.92,5.1724
2350.93,5.1724
2352.97,5.1724
2354.99,5.1724
2355.76,5.1759
2356.77,5.1672
2357.77,5.1724
2359.98,5.1707
2360.75,5.1707
2361.75,5.1707
2364.03,5.1742
2364.78,5.1707
2366.05,5.1742
2366.83,5.1707
2367.83,5.1812
2370.05,5.1882
2372.07,5.197
2374.1,5.2005
2376.19,5.1952
2378.26,5.1987
2380.34,5.1974
2382.43,5.1956
2384.55,5.1974
2385.27,5.1976
2386.62,5.1941
2388.72,5.1888
2390.82,5.1836
2391.61,5.1801
2392.61,5.1735
2393.61,5.17
2395.91,5.1651
2397.95,5.1601
2399.97,5.1636
2400.75,5.1601
2401.75,5.1601
2403.98,5.1653
2406.02,5.1688
2408.01,5.1723
2410.0,5.1758
2411.99,5.1758
2412.76,5.1829
2415.05,5.1829
2416.06,5.1846
2418.1,5.1899
2420.18,5.1881
2420.94,5.1881
2422.23,5.1916
2424.34,5.1899
2426.42,5.1899
2427.19,5.1881
2428.51,5.1864
2430.58,5.1864
2432.64,5.1815
2433.47,5.1832
2434.46,5.1815
2436.75,5.1832
2438.8,5.1832
2440.81,5.1832
2441.58,5.1797
2442.58,5.1797
2443.58,5.1784
2445.85,5.1801
2446.62,5.1784
2447.62,5.1804
2449.88,5.1839
2451.87,5.1773
2452.65,5.1825
2454.9,5.179
2455.66,5.1773
2456.68,5.1773
2457.68,5.1773
2459.89,5.1773
2461.87,5.1773
2463.94,5.1773
2465.94,5.179
2466.71,5.179
2467.72,5.1773
2469.98,5.1773
2470.73,5.1825
2471.73,5.1773
2473.96,5.1808
2476.0,5.1808
2476.75,5.1808
2477.76,5.1808
2479.98,5.1825
2481.98,5.1808
2483.97,5.1825
2486.01,5.1825
2488.06,5.1825
2490.11,5.186
2491.12,5.1808
2493.19,5.1808
2493.92,5.1808
2495.26,5.179
2497.35,5.1825
2498.08,5.1773
2499.41,5.1773
2500.21,5.179
2501.22,5.1703
2503.47,5.1703
2505.52,5.1668
2506.29,5.1668
2507.59,5.1668
2509.65,5.1685
2511.66,5.1633
2513.69,5.1633
2514.49,5.1668
2515.49,5.1668
2517.85,5.1668
2518.62,5.1668
2519.63,5.1685
2520.63,5.1668
2522.85,5.1703
2524.88,5.1703
2525.64,5.1703
2526.64,5.1738
2528.88,5.1755
2530.88,5.179
2532.85,5.1738
2533.63,5.179
2535.88,5.1755
2537.92,5.179
2538.69,5.179
2539.68,5.1773
2541.9,5.1773
2542.68,5.1773
2543.69,5.1773
2544.69,5.1738
2546.94,5.1773
2549.0,5.1773
2549.75,5.1738
2550.74,5.1738
2553.0,5.1755
2555.02,5.1755
2557.06,5.1703
2557.84,5.1755
2558.84,5.172
2561.04,5.1755
2563.08,5.172
2563.82,5.172
2564.82,5.1703
2567.11,5.1703
2569.17,5.1755
2571.22,5.1755
2573.28,5.1755
2575.37,5.1738
2576.09,5.1755
2577.4,5.1755
2578.19,5.1755
2579.2,5.1738
2581.42,5.1738
2583.5,5.1755
2585.55,5.1738
2587.62,5.1773
2589.68,5.1773
2590.42,5.1738
2591.73,5.179
2593.8,5.179
2594.58,5.179
2595.59,5.179
2596.59,5.1738
2598.89,5.1738
2600.9,5.179
2601.67,5.1738
2602.67,5.1738
2604.92,5.179
2606.96,5.179
2607.73,5.1738
2608.73,5.1703
2611.0,5.172
2611.76,5.1755
2612.76,5.1703
2615.02,5.1755
2615.79,5.1755
2616.8,5.1738
2617.82,5.1738
2618.81,5.179
2621.05,5.1755
2621.83,5.1738
2622.83,5.1742
2625.08,5.1794
2627.11,5.1794
2629.18,5.1742
2631.25,5.1794
2632.05,5.1777
2633.05,5.1742
2635.32,5.1794
2637.37,5.1759
2638.17,5.1761
2639.17,5.1744
2641.47,5.1744
2642.21,5.1744
2643.54,5.1779
2645.59,5.1779
2647.67,5.1744
2649.71,5.1779
2650.52,5.1748
2651.52,5.18
2653.76,5.18
2655.83,5.1783
2657.87,5.1748
2658.65,5.18
2659.64,5.1765
2661.88,5.1787
2663.9,5.1804
2665.93,5.1754
2667.97,5.1807
2668.74,5.1754
2669.74,5.1789
2672.01,5.1789
2672.76,5.1789
2674.02,5.1789
2674.79,5.1737
2675.78,5.1754
2678.06,5.1789
2678.81,5.1789
2679.82,5.1807
2680.82,5.1754
2683.08,5.1754
2685.11,5.1789
2685.89,5.1754
2686.89,5.1789
2689.12,5.1807
2691.15,5.1754
2691.96,5.1754
2692.96,5.1789
2695.22,5.1807
2697.28,5.1754
2699.34,5.1807
2701.38,5.1772
2703.45,5.1719
2704.24,5.1754
2705.24,5.1439
2707.5,5.0214
2709.55,4.8675
2711.57,4.7485
2712.36,4.6593
2713.36,4.4108
2715.62,4.3513
2716.35,4.2463
2717.7,4.1694
2718.42,4.1046
2719.8,3.9384
2721.85,3.8142
2723.88,3.7599
2724.65,3.7442
2725.65,3.6235
2727.9,3.5535
2729.91,3.536
2730.66,3.4677
2732.94,3.396
2734.96,3.3575
2737.03,3.2963
2739.06,3.2753
2741.04,3.2455
2741.83,3.2438
2742.83,3.2105
2743.83,3.1895
2746.07,3.1825
2748.1,3.1825
2750.14,3.179
2752.19,3.1808
2752.94,3.1843
2755.21,3.1808
2757.28,3.1843
2759.36,3.1773
2761.39,3.179
2763.45,3.1755
2764.19,3.1755
2765.56,3.179
2767.67,3.179
2769.74,3.179
2770.48,3.179
2771.78,3.179
2773.87,3.1808
2775.89,3.1843
2776.67,3.1808
2777.67,3.179
2778.67,3.1825
2780.9,3.179
2782.93,3.179
2784.94,3.1825
2786.96,3.1825
2787.71,3.1808
2788.71,3.1825
2789.71,3.1825
2791.97,3.1825
2792.73,3.1843
2793.97,3.1843
2794.76,3.1825
2795.76,3.1825
2797.99,3.1878
2798.76,3.1825
2799.76,3.186
2801.99,3.1878
2804.01,3.1825
2804.78,3.1825
2805.78,3.1913
2808.03,3.1878
2810.05,3.186
2810.8,3.1913
2811.8,3.186
2814.04,3.1913
2816.05,3.1878
2816.84,3.1878
2817.84,3.1878
2820.15,3.1913
2821.15,3.186
2823.17,3.1895
2825.28,3.1913
2826.01,3.1913
2827.38,3.1895
2829.48,3.1895
2831.58,3.1913
2833.64,3.1895
2835.73,3.1895
2837.78,3.186
2838.58,3.186
2839.58,3.207
2841.8,3.2875
2843.85,3.3785
2845.9,3.4747
2847.95,3.55
2849.98,3.5832
2850.75,3.599
2851.75,3.6235
2854.01,3.6532
2856.02,3.6637
2856.79,3.6725
2857.79,3.6934
2860.06,3.7179
2862.05,3.7267
2862.81,3.7599
2865.08,3.7897
2865.85,3.8159
2866.86,3.8649
2867.86,3.9285
2870.09,4.0002
2872.13,4.0877
2874.21,4.1437
2876.27,4.1857
2878.32,4.209
2880.39,4.2145
2882.44,4.2045
2884.5,4.18
2886.58,4.1608
2888.7,4.1503
2889.48,4.1328
2890.5,4.1258
2891.51,4.0891
2892.51,4.0489
2894.79,4.0261
2895.51,4.0156
2896.85,3.9684
2898.93,3.9667
2899.69,3.9335
2900.69,3.9125
2902.97,3.8985
2903.73,3.8897
2904.73,3.8757
2907.0,3.8688
2909.04,3.8653
2909.79,3.8705
2910.79,3.888
2913.05,3.8985
2915.08,3.923
2917.12,3.9352
2917.86,3.9439
2919.23,3.9719
2919.96,3.9789
2921.29,4.0034
2923.34,4.0314
2925.39,4.0495
2927.45,4.0739
2929.53,4.0848
2930.26,4.09
2931.55,4.097
2933.62,4.0941
2935.67,4.0871
2937.69,4.0836
2939.74,4.0773
2941.77,4.0672
2943.81,4.0497
2945.84,4.0322
2947.88,4.0252
2948.63,4.0182
2949.63,4.0095
2951.86,4.0025
2952.62,3.985
2954.88,3.9728
2956.91,3.9658
2958.96,3.9588
2959.72,3.9606
2960.72,3.9588
2962.95,3.9588
2964.96,3.9658
2967.02,3.9711
2967.78,3.9693
2968.78,3.9798
2971.0,3.992
2973.07,4.013
2975.06,4.0165
2975.83,4.0165
2976.83,4.0305
2979.1,4.0322
2979.92,4.0375
2980.92,4.041
2983.15,4.0462
2985.2,4.0497
2985.99,4.0497
2987.28,4.0514
2988.0,4.0497
2989.33,4.0514
2991.37,4.0462
2992.19,4.0479
2993.18,4.041
2995.44,4.0322
2997.52,4.027
2999.59,4.0217
3000.32,4.0182
3001.65,4.013
3003.73,4.0048
3005.8,4.0066
3006.59,4.0066
3007.59,3.9996
3009.83,3.9944
3011.86,3.9961
3013.87,3.9926
3015.91,3.9909
3016.69,3.9932
3017.7,3.995
3019.91,4.0006
3020.71,4.0006
3021.71,4.0064
3023.93,4.0046
3025.97,4.0064
3026.74,4.0134
3027.74,4.0169
3030.0,4.0204
3032.0,4.0221
3033.98,4.0238
3034.77,4.0238
3035.77,4.0308
3038.0,4.0291
3040.01,4.0308
3042.04,4.0273
3042.81,4.0256
3043.82,4.0256
3044.81,4.0256
3045.81,4.0273
3048.06,4.0221
3050.03,4.0204
3052.03,4.0186
3054.05,4.0151
3054.81,4.0134
3055.81,4.0134
3058.06,4.0081
3060.06,4.0134
3060.82,4.0099
3063.06,4.0081
3065.04,4.0046
3065.83,4.0064
3066.84,4.0064
3069.09,4.0099
3071.08,4.0099
3073.1,4.0081
3075.17,4.0081
3077.25,4.0116
3078.01,4.0116
3079.3,4.0116
3080.07,4.0169
3081.35,4.0134
3083.41,4.0151
3085.48,4.0169
3087.53,4.0169
3089.58,4.0151
3091.63,4.0151
3092.44,4.0151
3093.45,4.0186
3095.71,4.0151
3097.78,4.0204
3099.87,4.0151
3100.63,4.0151
3101.63,4.0151
3103.94,4.0151
3105.95,4.0169
3107.99,4.0134
3110.01,4.0116
3110.76,4.0151
3111.76,4.0099
3113.99,4.0081
3114.76,4.0134
3115.76,4.0134
3117.04,4.014
3117.83,4.014
3118.83,4.0087
3119.83,4.0087
3122.07,4.0108
3124.08,4.0143
3124.86,4.0126
3125.86,4.0091
3128.11,4.0178
3130.15,4.0132
3130.93,4.0184
3131.94,4.0184
3134.21,4.0132
3134.95,4.0132
3136.28,4.019
3138.28,4.0193
3140.31,4.0176
3142.37,4.0176
3143.17,4.0193
3144.18,4.0228
3146.43,4.0228
3148.5,4.0176
3150.53,4.0228
3151.34,4.0228
3152.34,4.0228
3154.63,4.0228
3155.34,4.0263
3156.71,4.0263
3157.43,4.0263
3158.75,4.0211
3160.83,4.0246
3162.84,4.0246
3163.59,4.0298
3165.87,4.0263
3167.91,4.0298
3169.96,4.0281
3171.98,4.0281
3172.74,4.0333
3173.75,4.0333
3175.98,4.0333
3176.76,4.0333
3177.76,4.0333
3180.05,4.0333
3180.81,4.0333
3181.82,4.0333
3182.82,4.0315
3185.05,4.0315
3187.07,4.0368
3187.85,4.0333
3188.85,4.0368
3191.09,4.0368
3191.89,4.0385
3193.17,4.035
3193.91,4.0385
3195.27,4.0403
3197.33,4.0403
3198.07,4.0315
3199.39,4.0298
3201.48,4.0246
3202.49,4.0298
3204.48,4.0246
3205.27,4.0263
3206.27,4.0298
3207.27,4.0246
3209.54,4.0246
3210.31,4.0246
3211.31,4.0228
3213.57,4.0263
3214.37,4.0211
3215.37,4.0228
3217.61,4.0211
3219.66,4.0228
3221.7,4.0193
3223.76,4.0193
3225.82,4.0176
3227.85,4.0176
3229.86,4.0176
3231.85,4.0176
3232.62,4.0193
3234.85,4.0176
3236.85,4.0176
3237.61,4.0176
3238.61,4.0193
3240.85,4.0193
3241.62,4.0176
3242.63,4.0193
3243.63,4.0193
3245.88,4.0193
3247.91,4.0176
3248.66,4.0176
3249.66,4.0228
3251.88,4.0193
3253.88,4.0193
3255.91,4.0193
3256.71,4.0176
3257.7,4.0176
3259.89,4.0176
3261.89,4.0176
3263.89,4.0176
3264.67,4.0176
3265.67,4.0193
3266.69,4.0193
3267.69,4.0193
3269.94,4.0176
3271.95,4.0176
3272.73,4.0193
3273.73,4.0193
3275.97,4.0176
3276.74,4.0176
3278.02,4.0193
3278.78,4.0193
3279.79,4.0176
3280.78,4.0176
3283.05,4.0176
3283.81,4.0176
3284.81,4.0193
3287.06,4.0193
3289.11,4.0193
3289.84,4.0193
3291.16,4.0193
3291.96,4.0176
3292.97,4.0176
3295.21,4.0193
3296.02,4.0193
3297.02,4.0193
3299.27,4.0193
3300.0,4.0176
3301.35,4.0176
3303.43,4.0193
3305.5,4.0193
3306.23,4.0193
3307.56,4.0176
3309.61,4.0176
3311.65,4.0193
3313.69,4.0176
3314.48,4.0176
3315.49,4.0176
3316.77,4.0176
3317.5,4.0176
3318.86,4.0176
3319.66,4.0176
3320.67,4.0193
3321.66,4.0193
3323.91,4.0193
3325.94,4.0176
3326.72,4.0176
3327.72,4.0193
3329.96,4.0193
3331.97,4.0176
3332.73,4.0193
3334.99,4.0176
3335.74,4.0176
3336.74,4.0182
3337.74,4.0182
3340.0,4.0164
3342.01,4.0182
3344.04,4.0164
3346.08,4.0164
3346.84,4.0182
3347.84,4.0182
3350.14,4.0164
3350.86,4.0182
3352.19,4.0164
3354.25,4.0182
3356.31,4.0164
3358.37,4.017
3360.41,4.0191
3362.45,4.0191
3363.25,4.0191
3364.25,4.0191
3366.53,4.0191
3367.26,4.0191
3368.62,4.0174
3370.68,4.018
3372.74,4.018
3374.82,4.0197
3375.59,4.018
3376.59,4.018
3378.87,4.0197
3379.62,4.0197
3380.88,4.0197
3381.65,4.018
3383.9,4.018
3385.93,4.0197
3387.97,4.018
3390.01,4.0197
3390.79,4.0197
3391.79,4.0197
3392.79,4.018
3395.03,4.0197
3395.8,4.018
3396.8,4.018
3399.07,4.0197
3399.84,4.0197
3400.85,4.0197
3401.85,4.0197
3404.07,4.0197
3406.09,4.0197
3406.83,4.0197
3408.17,4.0197
3410.24,4.0197
3412.3,4.018
3414.36,4.0145
3416.43,4.004
3417.17,3.9935
3418.52,3.9168
3420.58,3.8122
3422.62,3.7389
3423.44,3.6709
3424.44,3.5523
3426.69,3.4703
3428.75,3.4267
3429.55,3.3535
3430.55,3.2593
3432.79,3.1739
3434.83,3.1669
3435.58,3.1338
3436.58,3.0954
3438.85,3.0762
3439.59,3.064
3440.99,3.0553
3441.64,3.0326
3443.03,3.0117
3445.08,2.9838
3447.17,2.9628
3449.21,2.9506
3450.02,2.9471
3451.02,2.9245
3453.25,2.9245
3455.3,2.9237
3456.11,2.922
3457.12,2.9272
3459.36,2.9307
3461.4,2.9307
3462.19,2.9272
3463.19,2.9294
3465.45,2.9329
3466.18,2.9294
3467.52,2.9312
3468.26,2.9329
3469.57,2.9374
3471.63,2.9357
3473.72,2.9391
3475.79,2.9357
3477.83,2.9374
3479.86,2.9409
3480.66,2.9444
3481.66,2.9444
3483.88,2.9391
3484.64,2.9391
3485.64,2.9461
3487.88,2.9426
3488.65,2.9444
3489.65,2.9444
3491.9,2.9461
3493.95,2.9461
3495.99,2.9461
3498.04,2.9514
3500.06,2.9461
3500.84,2.9514
3501.84,2.9461
3504.06,2.9496
3506.09,2.9514
3508.13,2.9496
3510.15,2.9514
3510.93,2.9514
3511.93,2.9496
3512.94,2.9496
3513.93,2.9496
3516.2,2.9496
3516.94,2.9496
3518.28,2.9531
3520.34,2.9496
3521.08,2.9496
3522.4,2.9496
3524.47,2.9496
3525.21,2.9496
3526.55,2.9514
3528.61,2.9514
3530.64,2.9496
3531.42,2.9496
3532.42,2.9514
3534.69,2.9548
3535.48,2.9531
3536.48,2.9531
3538.73,2.9531
3540.75,2.9496
3541.57,2.9548
3542.57,2.9548
3544.81,2.9531
3545.6,2.9426
3546.6,2.9339
3548.82,2.9304
3549.58,2.9304
3550.58,2.9409
3552.8,3.0246
3554.84,3.0334
3555.6,3.0892
3556.6,3.1311
3558.87,3.1555
3560.84,3.18
3564.9,3.1904
3565.61,3.1922
3566.91,3.1992
3568.93,3.2061
3570.94,3.2166
3572.95,3.2183
3573.71,3.241
3575.97,3.2812
3576.72,3.2986
3577.72,3.3422
3579.95,3.3929
3581.98,3.4347
3583.99,3.4539
3584.75,3.4661
3585.75,3.501
3587.99,3.5133
3589.98,3.515
3590.75,3.5168
3593.04,3.501
3593.81,3.4958
3594.81,3.4836
3597.08,3.4476
3599.34,3.4232
3601.08,3.3953
3603.15,3.3751
3605.22,3.3493
3607.29,3.3221
3609.35,3.3029
3611.38,3.2942
3613.44,3.2768
3615.5,3.275
3616.22,3.2715
3617.56,3.2698
3618.37,3.2715
3619.38,3.282
3621.62,3.282
3622.42,3.2802
3623.42,3.2925
3624.42,3.3
3626.69,3.3122
3627.47,3.3283
3628.47,3.3353
3630.72,3.343
3632.71,3.3539
3633.5,3.3668
3634.5,3.3842
3636.76,3.3946
3638.81,3.4068
3639.55,3.4173
3641.84,3.4173
3642.6,3.419
3644.86,3.4208
3646.87,3.419
3648.89,3.4121
3650.88,3.4086
3651.65,3.4086
3653.9,3.3981
3655.92,3.3929
3657.95,3.3737
3659.97,3.3685
3661.97,3.365
3662.74,3.3511
3664.98,3.3458
3667.01,3.3406
3667.79,3.3371
3668.78,3.3354
3671.01,3.3302
3671.76,3.3302
3674.01,3.3302
3676.03,3.3336
3678.02,3.3458
3680.06,3.3476
3682.08,3.3476
3682.84,3.3546
3685.07,3.3633
3687.09,3.3737
3689.13,3.3772
3691.14,3.379
3691.94,3.3772
3692.95,3.3859
3693.95,3.3877
3696.19,3.3912
3697.0,3.3929
3698.0,3.3877
3700.25,3.3877
3701.02,3.3894
3702.29,3.3877
3703.09,3.3877
3704.09,3.3842
3706.33,3.3859
3708.4,3.3772
3709.12,3.3772
3710.18,3.3702
3712.41,3.3685
3714.43,3.365
3716.5,3.3633
3717.24,3.3598
3718.61,3.3615
3720.65,3.3598
3721.43,3.3563
3722.44,3.3615
3723.43,3.3563
3725.69,3.3546
3726.47,3.3563
3727.74,3.3511
3728.53,3.3563
3729.53,3.3546
3730.53,3.365
3732.77,3.365
3734.83,3.365
3735.58,3.365
3736.58,3.3685
3738.84,3.372
3740.86,3.372
3741.65,3.372
3742.64,3.372
3744.89,3.3702
3745.66,3.3737
3746.66,3.3737
3748.91,3.3737
3750.93,3.3772
3752.91,3.379
3754.95,3.3772
3756.98,3.3824
3757.73,3.3755
3758.73,3.379
3760.96,3.372
3762.99,3.3702
3765.02,3.3702
3767.05,3.3702
3767.81,3.372
3768.82,3.3668
3769.82,3.3702
3772.05,3.3702
3774.06,3.3668
3774.82,3.3685
3775.82,3.3633
3778.09,3.3668
3780.11,3.3668
3780.85,3.3668
3782.12,3.364
3782.91,3.3674
3783.91,3.364
3786.16,3.3727
3788.19,3.3692
3788.98,3.3674
3789.98,3.3727
3792.23,3.3709
3794.3,3.3714
3795.03,3.3714
3796.32,3.372
3798.39,3.372
3800.45,3.3755
3801.25,3.3738
3802.26,3.3727
3803.26,3.3745
3805.52,3.3745
3806.26,3.3745
3807.59,3.3762
3809.66,3.3745
3811.73,3.3727
3812.5,3.371
3813.5,3.371
3815.78,3.3727
3816.52,3.3727
3817.85,3.371
3819.9,3.3727
3821.91,3.371
3823.92,3.3727
3825.95,3.371
3827.99,3.371
3828.76,3.3727
3829.76,3.371
3831.98,3.3727
3833.97,3.3675
3836.02,3.371
3838.05,3.371
3838.8,3.371
3840.08,3.371
3840.86,3.3727
3841.87,3.3727
3842.87,3.371
3845.12,3.3727
3847.2,3.371
3849.29,3.3745
3851.35,3.3745
3852.14,3.3745
3853.14,3.3745
3855.4,3.378
3857.48,3.378
3859.55,3.3797
3861.61,3.3797
3863.68,3.3815
3865.73,3.378
3867.8,3.3832
3868.58,3.3797
3869.59,3.3815
3870.59,3.3832
3871.59,3.3832
3873.89,3.3815
3875.9,3.3815
3877.92,3.3849
3878.69,3.3832
3879.68,3.3849
3881.93,3.3849
3883.99,3.3832
3886.03,3.3867
3888.05,3.3849
3890.08,3.3849
3892.11,3.3849
3894.19,3.3884
3896.26,3.3867
3898.29,3.3902
3900.33,3.3867
3902.35,3.3902
3904.41,3.3849
3905.15,3.3902
3906.2,3.3902
3908.45,3.3867
3910.48,3.378
3912.63,3.378
3914.68,3.3797
3915.42,3.378
3916.73,3.3797
3918.78,3.3797
3920.82,3.378
3922.84,3.3797
3923.61,3.3745
3924.61,3.378
3926.87,3.3762
3928.88,3.3762
3929.67,3.3762
3930.67,3.3762
3932.87,3.3762
3934.9,3.371
3935.65,3.371
3937.9,3.371
3938.65,3.3745
3939.65,3.3745
3941.89,3.3745
3942.71,3.371
3943.71,3.3745
3945.91,3.3745
3947.92,3.371
3948.68,3.3727
3949.68,3.3745
3951.89,3.3745
3953.93,3.371
3955.94,3.371
3956.71,3.371
3957.7,3.3762
3959.97,3.371
3960.72,3.371
3961.72,3.3745
3964.0,3.3727
3965.97,3.371
3966.77,3.3762
3967.76,3.371
3970.01,3.3727
3972.01,3.3762
3972.77,3.3727
3975.03,3.3727
3975.78,3.3762
3977.05,3.371
3979.07,3.3727
3981.06,3.3727
3981.83,3.371
3984.11,3.3727
3986.1,3.3762
3988.12,3.3762
3990.13,3.371
3990.91,3.3727
3992.16,3.371
3992.97,3.3727
3993.97,3.3727
3996.25,3.3727
3996.96,3.3762
3998.3,3.3727
3999.09,3.3727
4000.09,3.3727
4002.32,3.3762
4004.38,3.371
4006.41,3.3762
4008.46,3.3727
4010.48,3.371
4011.26,3.371
4012.25,3.3745
4014.49,3.3727
4016.52,3.3727
4017.34,3.371
4018.34,3.371
4020.56,3.3762
4021.35,3.371
4022.36,3.3727
4023.37,3.3727
4024.37,3.371
4026.63,3.371
4027.43,3.3745
4028.43,3.3762
4030.66,3.3762
4032.67,3.371
4033.45,3.3762
4034.45,3.3727
4036.71,3.3727
4038.73,3.3727
4039.49,3.371
4040.74,3.3762
4041.55,3.3727
4042.55,3.3727
4044.79,3.3762
4046.82,3.3762
4047.59,3.3745
4048.59,3.3727
4050.82,3.371
4051.58,3.3727
4053.85,3.3745
4055.87,3.3762
4056.65,3.3762
4057.65,3.3727
4059.86,3.371
4060.63,3.371
4061.63,3.371
4063.87,3.371
4065.89,3.371
4066.67,3.371
4067.66,3.3749
4069.92,3.3766
4070.68,3.3749
4071.68,3.3766
4072.68,3.3766
4074.94,3.3714
4075.69,3.3714
4076.71,3.3732
4077.71,3.3717
4079.96,3.3721
4081.94,3.3773
4082.73,3.3721
4083.73,3.3721
4085.98,3.3756
4086.73,3.3721
4087.73,3.3721
4088.73,3.3721
4090.98,3.3721
4091.75,3.3756
4092.76,3.3721
4093.76,3.3721
4095.99,3.3721
4098.0,3.3721
4100.02,3.3773
4102.04,3.3739
4104.06,3.3739
4106.08,3.3739
4108.1,3.3756
4108.85,3.3773
4109.85,3.3739
4112.09,3.378
4112.9,3.3728
4113.9,3.3763
4114.9,3.3763
4117.18,3.3728
4117.92,3.3763
4119.27,3.3763
4120.02,3.3728
4121.31,3.3763
4123.38,3.3746
4124.17,3.3746
4125.17,3.3728
4126.17,3.338
4128.42,3.3067
4130.49,3.2614
4131.28,3.2196
4132.27,3.1465
4134.53,3.0664
4136.59,3.0107
4138.61,2.9759
4140.63,2.9393
4142.67,2.9167
4143.46,2.9097
4144.74,2.901
4146.8,2.8784
4148.83,2.8784
4149.6,2.8627
4150.6,2.8523
4152.81,2.847
4154.85,2.8418
4156.87,2.8366
4158.88,2.8323
4160.86,2.8271
4162.86,2.8306
4163.68,2.8336
4164.68,2.8276
4166.9,2.8241
4167.68,2.8276
4168.68,2.8276
4170.9,2.8293
4172.9,2.8293
4173.67,2.8293
4174.67,2.8293
4176.94,2.8311
4178.99,2.8328
4181.01,2.8276
4181.78,2.8311
4182.77,2.8276
4185.04,2.8276
4187.08,2.8328
4187.81,2.8311
4188.81,2.8311
4191.05,2.8311
4191.82,2.8345
4194.08,2.8363
4196.12,2.8345
4198.17,2.8345
4198.97,2.8345
4199.97,2.8328
4202.2,2.8328
4202.98,2.8345
4203.99,2.8311
4204.98,2.8328
4207.25,2.8363
4209.3,2.8311
4210.09,2.8311
4211.09,2.8345
4213.33,2.8328
4215.38,2.8311
4216.11,2.8345
4217.42,2.8363
4219.45,2.8328
4220.27,2.8363
4221.27,2.8328
4223.51,2.8363
4224.3,2.8363
4225.3,2.8311
4226.3,2.8345
4227.3,2.8311
4229.56,2.8311
4230.33,2.8363
4231.6,2.8363
4233.68,2.8311
4235.75,2.8345
4236.52,2.8345
4237.52,2.8398
4239.8,2.8363
4241.82,2.8345
4242.64,2.8345
4243.64,2.8363
4245.86,2.8345
4247.89,2.838
4248.67,2.8363
4249.66,2.8345
4251.9,2.8398
4253.93,2.8311
4255.95,2.8311
4256.73,2.8293
4257.72,2.8241
4259.96,2.8258
4260.7,2.8467
4262.94,2.8729
4264.98,2.9007
4266.98,2.9147
4269.0,2.9251
4271.0,2.9286
4273.04,2.9373
4273.8,2.9321
4274.8,2.9373
4277.07,2.9356
4277.83,2.9321
4278.83,2.9338
4279.83,2.939
4282.05,2.9425
4282.82,2.9547
4285.09,2.9687
4287.08,2.9791
4287.84,2.9861
4288.84,2.9983
4291.08,3.0157
4291.85,3.0244
4292.86,3.0314
4293.86,3.0453
4296.11,3.0557
4298.16,3.0557
4300.21,3.0505
4302.24,3.0418
4304.31,3.0331
4305.11,3.0296
4306.11,3.0157
4308.4,3.0052
4309.18,3.0035
4310.19,3.0
4311.19,2.9896
4313.46,2.9861
4314.23,2.9721
4315.51,2.9704
4316.25,2.9634
4317.6,2.953
4319.67,2.953
4321.74,2.953
4323.84,2.9547
4324.61,2.953
4325.61,2.9495
4327.87,2.953
4329.89,2.953
4330.65,2.9547
4331.65,2.9565
4333.89,2.9634
4335.92,2.9704
4337.92,2.9774
4339.95,2.9896
4341.98,2.993
4342.75,2.9913
4343.78,2.9948
4344.78,3.0052
4347.02,3.0052
4349.05,3.0105
4349.8,3.0139
4350.8,3.0122
4353.05,3.0087
4353.8,3.0105
4356.07,3.0087
4358.11,3.007
4360.15,3.007
4360.94,3.0017
4361.93,2.9965
4364.22,2.9965
4365.01,2.993
4366.28,2.9913
4367.05,2.993
4368.33,2.9861
4370.41,2.9861
4372.45,2.9808
4373.27,2.9808
4374.26,2.9791
4376.55,2.9756
4377.26,2.9774
4378.59,2.9739
4380.66,2.9756
4382.71,2.9791
4383.49,2.9791
4384.49,2.9756
4386.72,2.9791
4387.49,2.983
4388.77,2.9796
4389.51,2.983
4390.82,2.9855
4392.85,2.9873
4394.9,2.9908
4395.69,2.989
4396.69,2.9925
4398.95,2.9933
4400.98,2.995
4402.96,3.0002
4405.01,3.0027
4407.02,2.9993
4407.79,3.0027
4408.79,3.0027
4411.02,2.9975
4413.04,2.9975
4413.79,2.9975
4414.78,2.9958
4417.06,2.9975
4417.83,2.9993
4418.84,2.9958
4420.1,2.9958
4420.9,2.9958
4421.9,2.9958
4424.15,2.994
4424.95,2.9958
4425.95,2.9923
4428.24,2.994
4430.31,2.9906
4431.04,2.9906
4432.34,2.9871
4434.4,2.9871
4436.46,2.9871
4438.51,2.9906
4440.54,2.9923
4441.34,2.9906
4442.34,2.9906
4444.6,2.994
4445.41,2.994
4446.41,2.9958
4448.65,2.9958
4449.43,2.9958
4450.44,2.994
4451.44,2.994
4453.7,2.994
4454.44,2.994
4455.77,2.994
4457.86,2.9958
4459.89,2.9975
4461.88,2.9975
4463.92,2.9993
4465.96,2.9993
4466.71,2.9993
4467.72,2.9993
4468.72,2.994
4470.95,2.994
4472.94,2.9945
4474.98,2.9962
4476.99,2.9945
4477.74,2.9962
4478.75,2.9962
4479.75,2.9945
4482.0,2.9945
4483.99,2.9945
4484.77,2.9945
4485.77,2.9962
4488.01,2.9962
4490.03,2.9962
4490.78,2.9962
4493.06,2.9962
4495.06,2.9962
4495.84,2.9945
4496.84,2.9962
4499.08,2.9962
4499.85,2.998
4501.11,2.9945
4501.91,2.9962
4502.9,2.9962
4505.16,2.9962
4505.95,2.9945
4506.95,2.9997
4509.21,2.9962
4511.25,2.998
4513.29,2.9945
4515.35,2.998
4517.41,2.9935
4518.22,2.9935
4519.22,2.9987
4521.44,2.9987
4522.24,2.9957
4523.24,2.9943
4525.51,2.9977
4527.59,2.9943
4528.31,2.9943
4529.63,2.9977
4531.66,2.9968
4533.72,2.9995
4535.77,3.0002
4537.83,2.9943
4538.57,2.9943
4539.57,2.9968
4541.85,2.9968
4542.63,2.996
4543.63,2.995
4545.93,2.9985
4547.98,3.0002
4548.74,2.995
4549.74,2.995
4551.99,3.0002
4552.77,2.9985
4553.76,2.995
4556.0,2.9985
4558.01,3.0037
4558.77,3.0037
4559.77,3.0037
4561.99,3.0012
4564.02,3.0072
4566.06,3.0072
4568.11,3.0055
4568.84,3.0072
4570.15,3.0089
4572.21,3.0124
4574.3,3.0142
4575.02,3.0142
4576.35,3.0142
4578.4,3.0142
4579.21,3.0142
4580.21,3.0124
4582.5,3.0089
4583.24,3.0124
4584.55,3.0176
4586.61,3.0176
4588.66,3.0176
4590.7,3.0176
4591.52,3.0176
4592.52,3.0211
4594.75,3.0211
4595.55,3.0211
4596.56,3.0211
4598.81,3.0211
4599.59,3.0194
4600.59,3.0229
4602.82,3.0246
4604.87,3.0246
4605.63,3.0194
4606.63,3.0246
4608.89,3.0246
4609.66,3.0246
4610.66,3.0246
4612.9,3.0229
4613.68,3.0238
4614.68,3.0229
4616.95,3.0246
4617.72,3.0194
4618.72,3.0124
4620.94,3.0124
4623.18,3.0089
4624.99,3.0124
4625.75,3.0107
4626.76,3.0055
4627.76,3.0107
4630.0,3.0107
4632.0,3.0055
4632.76,3.0099
4634.98,3.0064
4637.01,3.0072
4639.02,3.0055
4639.78,3.0064
4640.78,3.0072
4642.01,3.0107
4642.8,3.0055
4644.07,3.0037
4644.82,3.0064
4645.91,3.0037
4648.11,3.002
4650.13,3.0055
4652.18,3.002
4654.24,3.002
4654.98,3.0055
4656.28,3.0089
4658.34,3.0072
4660.4,3.0072
4662.41,3.0072
4664.47,3.0055
4666.54,3.002
4668.57,3.0072
4670.65,3.002
4671.44,3.0055
4672.45,3.0055
4673.45,3.002
4675.72,3.0055
4676.45,3.002
4677.76,3.0072
4679.85,3.002
4681.85,3.0037
4682.61,3.0037
4684.86,3.0072
4686.89,3.0072
4687.64,3.002
4688.64,3.0037
4690.86,3.0072
4691.66,3.002
4692.66,3.0072
4693.66,3.0037
4695.89,3.0055
4696.66,3.0072
4697.66,3.0072
4699.92,3.0037
4701.91,3.002
4703.97,3.0037
4706.15,3.002
4707.16,3.0072
4709.11,3.0055
4711.18,3.002
4713.24,3.0089
4714.04,3.0072
4715.04,3.0072
4716.04,3.002
4717.51,3.0072
4719.33,3.0055
4720.09,3.0055
4721.39,3.0055
4723.47,3.0055
4725.54,3.002
4726.35,3.0037
4727.35,3.0072
4729.58,3.0072
4731.61,3.0055
4732.39,3.002
4733.39,3.0072
4735.63,3.0055
4737.66,3.0072
4739.7,3.0037
4741.75,3.002
4742.54,3.002
4743.54,3.0072
4745.78,3.0055
4747.85,3.0055
4749.83,3.0055
4750.62,3.0055
4751.61,3.0055
4753.85,3.0055
4754.6,3.0037
4756.86,3.0055
4758.85,3.0072
4760.83,3.0072
4762.84,3.0107
4764.85,3.0055
4766.88,3.0037
4768.94,3.0055
4770.94,3.0072
4772.92,3.0072
4773.71,3.0055
4774.71,3.0055
4776.97,3.0072
4779.01,3.0072
4779.76,3.0055
4780.76,3.0072
4782.97,3.0055
4785.01,3.002
4786.99,3.0055
4789.04,3.0072
4791.02,3.0072
4793.06,3.0072
4793.84,3.0072
4794.84,3.0072
4797.07,3.0055
4799.09,3.0055
4799.85,3.0072
4802.07,3.0055
4802.85,3.0055
4803.84,3.0055
4806.08,3.002
4806.85,3.002
4807.85,3.0072
4810.09,3.0089
4812.07,3.0107
4812.84,3.0072
4815.09,3.0055
4817.15,3.0055
4817.91,3.0072
4819.21,3.0055
4821.26,3.0055
4823.3,3.0072
4824.1,3.0107
4825.11,3.0107
4827.37,3.0107
4829.45,3.0107
4831.5,3.0055
4832.29,3.0055
4833.29,3.0072
4835.53,3.0072
4837.55,2.9933
4839.62,2.9568
4841.68,2.9307
4842.47,2.9185
4843.48,2.8837
4845.76,2.8819
4846.49,2.8663
4847.81,2.8454
4849.89,2.835
4851.87,2.8315
4853.89,2.8176
4855.9,2.8141
4857.9,2.8071
4859.95,2.8054
4860.72,2.8019
4861.71,2.8071
4863.98,2.8002
4866.04,2.7994
4866.82,2.7959
4867.82,2.7959
4870.05,2.7959
4872.04,2.7907
4874.05,2.7994
4874.82,2.8029
4875.81,2.8029
4878.09,2.8064
4878.85,2.8046
4879.85,2.8046
4882.09,2.8064
4882.84,2.8098
4883.84,2.8064
4884.84,2.8125
4887.12,2.8125
4889.12,2.8187
4889.88,2.817
4891.18,2.8165
4891.98,2.82
4892.99,2.8234
4893.99,2.8234
4896.25,2.8252
4896.98,2.8252
4898.32,2.8234
4900.39,2.8287
4902.43,2.8287
4904.49,2.8287
4906.57,2.8356
4908.61,2.8321
4910.64,2.8339
4912.69,2.8356
4914.74,2.8356
4915.47,2.8391
4916.55,2.8391
4917.55,2.8391
4919.79,2.8374
4921.85,2.8374
4922.63,2.8391
4923.63,2.8374
4925.9,2.8426
4926.67,2.8391
4927.67,2.8408
4929.91,2.8426
4931.93,2.8408
4933.97,2.8408
4936.0,2.8408
4938.03,2.8426
4940.06,2.8408
4942.08,2.8443
4942.84,2.8408
4944.16,2.8461
4946.25,2.8408
4946.98,2.8443
4948.05,2.8408
4950.32,2.8443
4951.05,2.8496
4952.4,2.8496
4954.49,2.8478
4955.21,2.8461
4956.55,2.8478
4958.6,2.8478
4960.65,2.8513
4961.44,2.8513
4962.44,2.853
4964.72,2.8426
4965.45,2.8304
4966.84,2.8182
4968.86,2.8095
4970.87,2.8043
4972.86,2.8165
4974.87,2.8252
4975.64,2.8304
4976.64,2.8391
4978.89,2.8408
4980.88,2.8426
4981.66,2.8443
4982.65,2.8426
4984.95,2.8426
4986.98,2.8461
4989.0,2.8408
4990.99,2.8461
4993.01,2.8443
4993.8,2.8443
4994.8,2.853
4997.04,2.8565
4999.08,2.867
5001.09,2.8687
5001.86,2.8739
5002.85,2.8809
5005.13,2.8791
5005.86,2.8809
5007.22,2.8809
5009.28,2.8791
5011.3,2.8791
5013.35,2.8722
5015.42,2.8652
5017.51,2.8635
5018.52,2.86
5020.5,2.8548
5021.32,2.8565
5022.32,2.8513
5024.55,2.8496
5026.63,2.8461
5027.43,2.8496
5028.43,2.8496
5030.66,2.8461
5032.7,2.8461
5033.49,2.8461
5034.49,2.8413
5036.75,2.8431
5038.79,2.8431
5040.82,2.8465
5041.61,2.8465
5042.61,2.8448
5044.9,2.8483
5045.6,2.8483
5046.94,2.85
5048.96,2.8587
5050.98,2.8552
5052.97,2.8639
5054.99,2.863
5057.01,2.863
5059.02,2.8665
5061.01,2.8635
5062.99,2.8652
5063.76,2.862
5066.05,2.8638
5066.81,2.8638
5068.09,2.862
5068.83,2.8638
5070.13,2.8603
5072.19,2.8645
5074.23,2.8603
5075.04,2.8576
5076.32,2.8611
5077.06,2.8551
5078.39,2.8541
5079.13,2.8516
5080.44,2.8551
5081.24,2.8516
5082.23,2.8576
5084.48,2.8541
5086.55,2.8576
5087.35,2.8576
5088.34,2.8576
5090.59,2.8559
5091.34,2.8506
5092.63,2.8524
5094.7,2.8576
5096.77,2.8524
5098.81,2.8559
5099.59,2.8559
5100.59,2.8559
5102.83,2.8559
5104.87,2.8576
5105.62,2.8593
5106.93,2.8576
5107.65,2.8628
5108.96,2.8638
5110.96,2.8645
5112.97,2.8645
5115.0,2.8593
5115.78,2.8628
5116.79,2.8645
5117.79,2.8593
5120.03,2.8593
5120.79,2.8645
5121.79,2.8593
5124.05,2.8611
5126.08,2.8611
5128.14,2.8611
5130.21,2.8611
5130.94,2.8611
5132.25,2.8593
5134.32,2.8576
5136.39,2.8611
5137.19,2.8593
5138.19,2.8593
5140.42,2.8559
5141.24,2.8611
5142.24,2.8593
5144.5,2.8593
5146.61,2.8576
5147.41,2.8611
5148.41,2.8576
5150.64,2.8611
5152.69,2.8611
5154.74,2.8593
5156.81,2.8593
5158.87,2.8559
5160.85,2.8628
5161.63,2.8593
5163.86,2.8593
5165.88,2.8645
5166.68,2.8645
5167.68,2.8645
5169.89,2.8645
5171.91,2.8593
5173.92,2.8645
5175.97,2.8611
5177.98,2.8611
5178.75,2.8645
5179.75,2.865
5181.99,2.8598
5184.01,2.8598
5184.77,2.8615
5185.77,2.8615
5188.04,2.8606
5190.04,2.8658
5192.06,2.8623
5192.83,2.8658
5193.82,2.8658
5196.07,2.8658
5198.09,2.8623
5200.15,2.8612
5202.2,2.8664
5202.98,2.8652
5203.98,2.8652
5206.24,2.8652
5206.99,2.8634
5208.33,2.8617
5210.36,2.8652
5212.4,2.8669
5214.43,2.8634
5215.2,2.8652
5216.51,2.8634
5218.61,2.8669
5219.33,2.8669
5220.68,2.8617
5222.73,2.8617
5224.8,2.8634
5225.54,2.8634
5226.87,2.8669
5228.9,2.8669
5229.68,2.8652
5230.68,2.8652
5232.89,2.8634
5234.93,2.8652
5236.95,2.8669
5237.69,2.8652
5238.7,2.8652
5239.7,2.8669
5241.94,2.8617
5242.7,2.8634
5244.98,2.8652
5247.02,2.8652
5247.79,2.8652
5248.79,2.8704
5251.01,2.8617
5251.78,2.8669
5254.03,2.8617
5256.06,2.8669
5256.81,2.8669
5257.81,2.8652
5260.09,2.8669
5262.07,2.8669
5264.11,2.8669
5266.13,2.8652
5266.95,2.8652
5267.95,2.8652
5270.19,2.8686
5272.21,2.8686
5273.02,2.8738
5274.02,2.8738
5276.26,2.8738
5278.3,2.8738
5279.1,2.8738
5280.1,2.8721
5282.35,2.8738
5284.41,2.8738
5285.2,2.8721
5286.2,2.8773
5288.45,2.8738
5290.5,2.8738
5291.31,2.8773
5292.31,2.8773
5294.54,2.8808
5296.61,2.8808
5298.67,2.8808
5300.76,2.8773
5302.82,2.8791
5303.6,2.8808
5304.6,2.8746
5306.84,2.8833
5308.87,2.8833
5310.9,2.8781
5311.65,2.8791
5312.65,2.8825
5314.91,2.8843
5315.65,2.8825
5317.94,2.8843
5318.72,2.8843
5319.72,2.8843
5321.98,2.8843
5322.78,2.8843
5323.77,2.8825
5326.03,2.8843
5326.75,2.8843
5328.08,2.8791
5330.1,2.8791
5332.33,2.8756
5334.38,2.8773
5336.43,2.8721
5338.48,2.8773
5339.22,2.8721
5340.5,2.8721
5341.31,2.8773
5342.31,2.8686
5344.56,2.8738
5345.3,2.8773
5346.36,2.8738
5347.39,2.8738
5348.39,2.8721
5350.59,2.8686
5351.39,2.8686
5352.4,2.8686
5353.41,2.8738
5355.64,2.8686
5357.7,2.8721
5359.75,2.8704
5361.77,2.8738
5362.56,2.8738
5363.56,2.8738
5365.81,2.8738
5366.6,2.8686
5367.6,2.8721
5369.85,2.8686
5371.84,2.8721
5373.84,2.8686
5374.61,2.8721
5375.6,2.8738
5377.85,2.8686
5379.83,2.8686
5380.63,2.8686
5381.62,2.8704
5383.87,2.8704
5385.88,2.8686
5386.62,2.8721
5387.62,2.8704
5389.86,2.8729
5391.87,2.8694
5392.64,2.8694
5393.66,2.8677
5394.66,2.8677
5396.9,2.8677
5398.91,2.8729
5400.91,2.8677
5402.91,2.8711
5403.67,2.8694
5405.95,2.8729
5407.96,2.8677
5409.98,2.8694
5411.96,2.8677
5412.73,2.8677
5415.01,2.8694
5415.79,2.8677
5416.79,2.8694
5417.79,2.8729
5420.03,2.8677
5422.03,2.8729
5422.8,2.8677
5425.05,2.8729
5425.8,2.8711
5426.81,2.8711
5429.05,2.8677
5429.81,2.8677
5432.04,2.8711
5432.81,2.8677
5435.07,2.8711
5437.09,2.8694
5439.09,2.8711
5439.84,2.8711
5440.85,2.8694
5441.86,2.8729
5442.86,2.8711
5445.17,2.8729
5445.89,2.8677
5447.26,2.8729
5447.99,2.8694
5449.31,2.8719
5451.36,2.8737
5453.43,2.8737
5455.49,2.8719
5456.3,2.8737
5457.3,2.8702
5459.56,2.8684
5461.61,2.8702
5463.7,2.8737
5464.42,2.8737
5465.76,2.8724
5467.83,2.8724
5468.6,2.8724
5469.6,2.8741
5471.83,2.8724
5473.84,2.8724
5474.61,2.8724
5475.61,2.8724
5477.88,2.8689
5479.89,2.8724
5480.65,2.8724
5481.65,2.8689
5482.65,2.8724
5484.93,2.8732
5485.68,2.8749
5486.68,2.8714
5487.7,2.8749
5488.7,2.8749
5490.91,2.8749
5491.71,2.8749
5492.71,2.8749
5494.98,2.8697
5495.74,2.8749
5496.74,2.8784
5499.01,2.8749
5499.77,2.8749
5500.77,2.8697
5502.99,2.8784
5505.01,2.8732
5505.77,2.8749
5506.78,2.8784
5508.07,2.8784
5508.83,2.8697
5509.83,2.8784
5512.06,2.8766
5512.82,2.8749
5515.1,2.8784
5515.86,2.8749
5516.87,2.8749
5517.87,2.8732
5520.16,2.8732
5522.19,2.8732
5524.25,2.8784
5526.33,2.8766
5527.05,2.8749
5528.37,2.8749
5676.66,2.8766
5678.14,2.8801
5679.65,2.8784
5681.13,2.8766
5682.66,2.8766
5684.25,2.8766
5685.76,2.8853
5687.24,2.8819
5688.71,2.8853
5690.27,2.8853
5691.76,2.8853
5693.34,2.8819
5694.81,2.8801
5696.35,2.8766
5698.16,2.8714
5699.51,2.8506
5700.9,2.8367
5702.38,2.821
5703.87,2.8116
5705.33,2.8081
5706.81,2.8046
5708.29,2.8046
5709.74,2.7942
5711.2,2.7959
5712.62,2.7924
5714.07,2.7868
5715.54,2.7877
5716.98,2.7877
5718.47,2.7825
5719.97,2.7834
5722.0,2.78
5724.01,2.7782
5726.05,2.7817
5728.07,2.7817
5730.11,2.78
5732.15,2.7834
5734.19,2.7904
5736.24,2.7939
5738.27,2.7934
5740.32,2.7969
5741.06,2.7934
5742.15,2.7962
5743.15,2.7997
5745.4,2.7989
5747.45,2.8024
5748.24,2.8037
5749.24,2.8019
5750.24,2.8046
5752.47,2.8071
5754.55,2.8046
5755.34,2.8064
5756.34,2.8064
5758.58,2.8054
5760.6,2.8046
5761.38,2.8081
5762.39,2.8081
5763.38,2.8133
5765.66,2.8116
5766.4,2.8185
5767.72,2.8133
5769.78,2.8116
5771.83,2.8116
5772.6,2.8116
5773.6,2.8185
5775.84,2.8168
5776.6,2.822
5777.6,2.8203
5779.85,2.822
5781.82,2.8255
5782.61,2.8255
5783.61,2.8255
5785.87,2.8255
5787.9,2.8238
5788.67,2.8255
5789.67,2.8272
5791.91,2.8272
5793.96,2.8255
5795.97,2.8272
5798.0,2.8324
5800.0,2.8315
5800.78,2.8272
5803.02,2.8324
5803.77,2.8307
5804.77,2.8342
5807.03,2.835
5807.81,2.8342
5808.81,2.8332
5811.04,2.8359
5813.08,2.835
5813.82,2.835
5816.43,2.8359
5818.11,2.835
5818.84,2.8342
5820.17,2.8402
5822.23,2.8324
5824.3,2.8037
5826.34,2.7994
5828.4,2.7924
5829.18,2.7932
5830.18,2.7959
5832.42,2.8002
5833.22,2.8019
5834.22,2.8071
5836.45,2.8081
5838.48,2.8106
5840.5,2.8116
5842.52,2.8141
5843.31,2.8124
5844.32,2.8124
5845.32,2.8116
5847.58,2.8124
5849.64,2.8141
5850.37,2.8133
5851.69,2.8133
5853.76,2.8141
5854.53,2.8141
5855.54,2.8193
5856.55,2.8228
5857.54,2.8228
5859.8,2.8228
5860.56,2.8263
5861.56,2.8228
5863.83,2.8263
5865.85,2.8263
5866.62,2.8228
5867.61,2.8193
5869.87,2.8193
5871.87,2.8089
5873.91,2.8089
5875.98,2.8106
5876.98,2.8071
5878.9,2.8071
5879.69,2.8071
5880.69,2.8054
5882.91,2.8071
5883.68,2.8054
5885.95,2.8071
5887.96,2.8054
5888.7,2.8071
5889.7,2.8054
5891.94,2.8071
5892.74,2.8071
5893.74,2.8054
5895.97,2.8071
5896.73,2.8071
5897.73,2.8106
5898.73,2.8106
5900.96,2.8089
5901.73,2.8089
5904.0,2.8106
5906.01,2.8089
5906.78,2.8089
5907.78,2.8193
5910.0,2.8128
5912.0,2.8146
5912.78,2.8128
5913.78,2.8146
5914.78,2.8181
5917.04,2.8154
5917.81,2.8136
5918.81,2.8188
5919.81,2.8101
5922.04,2.8154
5924.07,2.8136
5924.82,2.8125
5925.82,2.8165
5928.07,2.8147
5930.09,2.813
5930.85,2.813
5933.14,2.8078
5933.87,2.8078
5935.19,2.8095
5935.99,2.813
5936.98,2.8078
5939.24,2.813
5941.28,2.8095
5942.09,2.8078
5943.09,2.8078
5945.33,2.8078
5946.08,2.8112
5947.4,2.8078
5949.45,2.8078
5950.26,2.813
5951.26,2.8165
5953.52,2.813
5954.31,2.8165
5955.31,2.813
5956.31,2.8112
5958.58,2.8147
5960.6,2.813
5961.37,2.8112
5962.37,2.8147
5964.61,2.8165
5966.65,2.8165
5967.45,2.8217
5968.46,2.8147
5969.46,2.8199
5970.47,2.8199
5972.68,2.8165
5974.76,2.8165
5976.84,2.8217
5978.87,2.8165
5979.64,2.8165
5980.64,2.813
5982.85,2.8112
5984.89,2.8165
5985.65,2.8147
5986.65,2.8147
5988.9,2.8165
5990.89,2.8112
5992.9,2.8165
5993.72,2.8165
5994.72,2.8165
5996.94,2.8165
5998.98,2.8112
5999.75,2.8217
6000.75,2.8147
6003.0,2.8147
6003.79,2.8165
6004.79,2.8112
6007.03,2.8147
6009.06,2.8165
6009.82,2.8165
6010.82,2.8138
6013.04,2.8138
6015.08,2.8103
6017.1,2.8155
6017.89,2.8207
6019.18,2.819
6021.24,2.8155
6022.02,2.8207
6023.03,2.8155
6024.04,2.8138
6025.03,2.8207
6027.34,2.8138
6028.05,2.8155
6029.39,2.8207
6031.44,2.8138
6033.5,2.8138
6034.28,2.8138
6035.28,2.8138
6037.53,2.8207
6039.58,2.8138
6040.31,2.819
6041.63,2.819
6042.38,2.8155
6043.71,2.8163
6045.8,2.8168
6047.88,2.815
6049.98,2.815
6051.0,2.815
6052.93,2.8228
6054.99,2.8176
6057.02,2.8228
6059.05,2.8176
6061.09,2.8158
6061.86,2.8158
6062.85,2.8158
6065.11,2.821
6065.84,2.8228
6067.19,2.8228
6067.92,2.8158
6069.25,2.8158
6069.99,2.8228
6071.32,2.8228
6073.37,2.8158
6075.44,2.8176
6077.47,2.8158
6079.51,2.8158
6081.55,2.8158
6083.61,2.8228
6085.66,2.8176
6087.73,2.8263
6089.77,2.821
6091.85,2.821
6092.65,2.8263
6093.65,2.8158
6094.65,2.8158
6096.89,2.8176
6097.67,2.821
6098.67,2.8158
6100.94,2.821
6102.94,2.8158
6103.72,2.821
6104.72,2.8228
6106.96,2.8228
6109.0,2.8228
6111.01,2.8228
6113.0,2.8228
6115.06,2.8263
6117.1,2.821
6117.84,2.8176
6119.17,2.821
6121.2,2.8263
6123.27,2.8228
6125.34,2.8245
6126.07,2.8263
6127.39,2.8263
6129.45,2.828
6131.5,2.828
6132.27,2.8297
6133.27,2.8297
6135.53,2.828
6137.56,2.828
6138.36,2.828
6139.36,2.8315
6141.58,2.828
6142.38,2.8315
6143.39,2.8315
6144.39,2.8367
6146.64,2.8367
6148.66,2.8332
6149.46,2.8349
6150.46,2.8332
6152.68,2.8315
6154.73,2.8349
6156.76,2.8367
6157.56,2.8349
6158.56,2.8367
6160.77,2.8349
6162.79,2.8402
6164.8,2.8402
6166.87,2.8402
6168.95,2.8384
6169.68,2.8384
6171.01,2.8384
6173.05,2.8436
6175.11,2.8402
6177.21,2.8384
6179.33,2.8384
6181.42,2.8436
6183.49,2.8436
6185.62,2.8367
6187.73,2.8367
6189.86,2.8384
6190.86,2.8315
6192.86,2.8332
6194.92,2.8297
6196.95,2.8297
6199.01,2.8297
6201.01,2.8263
6203.02,2.8263
6205.05,2.8245
6207.07,2.8245
6209.08,2.8245
6211.06,2.8245
6211.85,2.8245
6212.85,2.821
6215.12,2.8245
6217.22,2.828
6219.34,2.8297
6220.08,2.8297
6221.42,2.8245
6223.48,2.8245
6224.23,2.8245
6225.57,2.8245
6227.68,2.828
6228.42,2.8245
6229.76,2.8297
6231.82,2.8297
6233.91,2.8297
6235.94,2.8297
6237.94,2.8263
6239.96,2.8263
6241.97,2.828
6242.76,2.8297
6243.76,2.8297
6246.02,2.8297
6246.79,2.8245
6247.79,2.8245
6250.04,2.8297
6252.04,2.8263
6252.8,2.8263
6254.12,2.8245
6256.24,2.828
6256.95,2.8263
6258.47,2.8297
6260.3,2.8263
6262.36,2.8263
6263.12,2.8245
6264.43,2.8245
6266.57,2.8263
6268.61,2.828
6270.64,2.8263
6271.46,2.8245
6272.46,2.8263
6274.72,2.8245
6275.5,2.8245
6276.55,2.8245
6277.55,2.8297
6279.77,2.8245
6280.55,2.8245
6281.56,2.8245
6282.56,2.8263
6284.8,2.8263
6285.58,2.828
6286.59,2.828
6287.59,2.8297
6289.85,2.8297
6291.85,2.8297
6292.63,2.8297
6293.63,2.8245
6295.9,2.8263
6297.92,2.8263
6298.67,2.8263
6299.92,2.8263
6300.69,2.8263
6302.91,2.8245
6303.68,2.8245
6305.95,2.8245
6306.71,2.8297
6308.0,2.8297
6308.77,2.8245
6309.77,2.8245
6312.0,2.8297
6314.02,2.8245
6314.77,2.8263
6316.06,2.828
6318.11,2.8245
6320.17,2.8297
6320.92,2.8245
6322.22,2.828
6324.27,2.8245
6326.32,2.828
6327.12,2.828
6328.12,2.8263
6330.35,2.828
6331.13,2.8263
6332.14,2.8297
6333.14,2.828
6334.14,2.8297
6336.39,2.8297
6338.43,2.8263
6339.22,2.8263
6340.23,2.8297
6341.23,2.8245
6343.5,2.8297
6345.57,2.8245
6346.31,2.8245
6347.61,2.8263
6349.67,2.8297
6351.68,2.828
6352.48,2.8245
6353.47,2.8286
6355.76,2.8304
6357.82,2.8338
6358.57,2.8332
6359.57,2.828
6361.8,2.8332
6363.85,2.828
6364.61,2.8297
6365.61,2.8245
6367.86,2.8332
6369.89,2.8338
6371.89,2.8304
6372.66,2.8332
6374.93,2.8332
6375.68,2.8332
6376.69,2.8332
6377.69,2.8332
6379.92,2.8332
6380.68,2.8297
6381.69,2.828
6382.69,2.8315
6384.96,2.8332
6385.7,2.8332
6386.71,2.8297
6554.29,2.8367
6555.75,2.8349
6557.29,2.8315
6558.78,2.8332
6560.05,2.8315
6561.79,2.8332
6563.33,2.828
6564.79,2.8332
6566.28,2.8349
6567.86,2.8367
6569.18,2.8402
6570.66,2.8402
6572.24,2.8349
6573.74,2.8384
6575.28,2.8419
6576.77,2.8436
6578.37,2.8419
6579.82,2.8419
6581.35,2.8471
6582.84,2.8488
6584.41,2.868
6586.08,2.8871
6587.54,2.8975
6588.93,2.9114
6590.4,2.9427
6591.86,2.9601
6593.39,2.974
6594.85,3.0
6596.41,3.0313
6597.85,3.0469
6599.37,3.073
6600.78,3.0973
6602.26,3.1182
6603.74,3.1373
6605.22,3.1547
